Emp ID,Name Prefix,First Name
1,Mr.,Harry
2,Ms.,Kivel
3,Prof.,Gill
4,Mrs.,Jardine
5,Hon.,Andrews
6,Mr.,Gill
7,Ms.,Morgan
8,Prof.,Andrews
9,Mrs.,Jardine
10,Hon.,Kivell
11,Mr.,Gill
12,Ms.,Kivell
13,Prof.,Jardine
14,Mrs.,Gill
15,Hon.,Morgan
16,Mr.,Andrews
17,Ms.,Smith
18,Prof.,Andrews
19,Mrs.,Gill
20,Hon.,Smith
21,Mr.,Jardine
22,Ms.,Morgan
23,Prof.,Jardine
24,Mrs.,Kivell
25,Hon.,Jones
26,Mr.,Parent
27,Ms.,Jones
28,Prof.,Howard
29,Mrs.,Jones
30,Hon.,Jones
31,Mr.,Jones
32,Ms.,Jones
33,Prof.,Jones
34,Mrs.,Parent
35,Hon.,Parent
36,Mr.,Jones
37,Ms.,Howard
38,Prof.,Sorvino
39,Mrs.,Sorvino
40,Hon.,Thompson
41,Mr.,Sorvino
42,Ms.,Thompson
43,Prof.,Sorvino
44,Mrs.,Harry
45,Hon.,Mean
46,Mr.,Smith
47,Ms.,Kivell
48,Prof.,Gill
49,Mrs.,Jardine
50,Hon.,Andrews
51,Mr.,Gill
52,Ms.,Morgan
53,Prof.,Andrews
54,Mrs.,Jardine
55,Hon.,Kivell
56,Mr.,Gill
57,Ms.,Kivell
58,Prof.,Jardine
59,Mrs.,Gill
60,Hon.,Morgan
61,Mr.,Andrews
62,Ms.,Smith
63,Prof.,Andrews
64,Mrs.,Gill
65,Hon.,Smith
66,Mr.,Jardine
67,Ms.,Morgan
68,Prof.,Jardine
69,Mrs.,Kivell
70,Hon.,Jones
71,Mr.,Parent
72,Ms.,Jones
73,Prof.,Howard
74,Mrs.,Jones
75,Hon.,Jones
76,Mr.,Jones
77,Ms.,Jones
78,Prof.,Jones
79,Mrs.,Parent
80,Hon.,Parent
81,Mr.,Jones
82,Ms.,Howard
83,Prof.,Sorvino
84,Mrs.,Sorvino
85,Hon.,Thompson
86,Mr.,Sorvino
87,Ms.,Thompson
88,Prof.,Sorvino
89,Mrs.,Smith
90,Hon.,Kivell
91,Mr.,Gill
92,Ms.,Jardine
93,Prof.,Andrews
94,Mrs.,Gill
95,Hon.,Morgan
96,Mr.,Andrews
97,Ms.,Jardine
98,Prof.,Kivell
99,Mrs.,Gill
100,Hon.,Kivell
101,Mr.,Jardine
102,Ms.,Gill
103,Prof.,Morgan
104,Mrs.,Andrews
105,Hon.,Smith
106,Mr.,Andrews
107,Ms.,Gill
108,Prof.,Smith
109,Mrs.,Jardine
110,Hon.,Morgan
111,Mr.,Jardine
112,Ms.,Kivell
113,Prof.,Jones
114,Mrs.,Parent
115,Hon.,Jones
116,Mr.,Howard
117,Ms.,Jones
118,Prof.,Jones
119,Mrs.,Jones
120,Hon.,Jones
121,Mr.,Jones
122,Ms.,Parent
123,Prof.,Parent
124,Mrs.,Jones
125,Hon.,Howard
126,Mr.,Sorvino
127,Ms.,Sorvino
128,Prof.,Thompson
129,Mrs.,Sorvino
130,Hon.,Thompson
131,Mr.,Sorvino
132,Ms.,Smith
133,Prof.,Kivell
134,Mrs.,Gill
135,Hon.,Jardine
136,Mr.,Andrews
137,Ms.,Gill
138,Prof.,Morgan
139,Mrs.,Andrews
140,Hon.,Jardine
141,Hon.,Kivell
142,Mr.,Gill
143,Ms.,Kivell
144,Prof.,Jardine
145,Mrs.,Gill
146,Hon.,Morgan
147,Mr.,Andrews
148,Ms.,Smith
149,Prof.,Andrews
150,Mrs.,Gill
151,Hon.,Smith
152,Mr.,Jardine
153,Ms.,Morgan
154,Prof.,Jardine
155,Mrs.,Kivell
156,Hon.,Jones
157,Mr.,Parent
158,Ms.,Jones
159,Prof.,Howard
160,Mrs.,Jones
161,Hon.,Jones
162,Mr.,Jones
163,Ms.,Jones
164,Prof.,Jones
165,Mrs.,Parent
166,Hon.,Parent
167,Mr.,Jones
168,Ms.,Howard
169,Prof.,Sorvino
170,Mrs.,Sorvino
171,Hon.,Thompson
172,Mr.,Sorvino
173,Ms.,Thompson
174,Prof.,Sorvino
175,Mrs.,Harry
176,Hon.,Kivell
177,Mr.,Gill
178,Ms.,Jardine
179,Prof.,Andrews
180,Mrs.,Gill
181,Hon.,Morgan
182,Mr.,Andrews
183,Ms.,Jardine
184,Prof.,Kivell
185,Mrs.,Gill
186,Hon.,Kivell
187,Mr.,Jardine
188,Ms.,Gill
189,Prof.,Morgan
190,Mrs.,Andrews
191,Hon.,Smith
192,Mr.,Andrews
193,Ms.,Gill
194,Prof.,Smith
195,Mrs.,Jardine
196,Hon.,Morgan
197,Mr.,Jardine
198,Ms.,Kivell
199,Prof.,Jones
200,Mrs.,Parent
201,Hon.,Jones
202,Mr.,Howard
203,Ms.,Jones
204,Prof.,Jones
205,Mrs.,Jones
206,Hon.,Jones
207,Mr.,Jones
208,Ms.,Parent
209,Prof.,Parent
210,Mrs.,Jones
211,Hon.,Howard
212,Mr.,Sorvino
213,Ms.,Sorvino
214,Prof.,Thompson
215,Mrs.,Sorvino
216,Hon.,Thompson
217,Mr.,Sorvino
218,Ms.,Harry
219,Prof.,Mean
220,Mrs.,Smith
221,Hon.,Kivell
222,Mr.,Gill
223,Ms.,Jardine
224,Prof.,Andrews
225,Mrs.,Gill
226,Hon.,Morgan
227,Mr.,Andrews
228,Ms.,Jardine
229,Prof.,Kivell
230,Mrs.,Gill
231,Hon.,Kivell
232,Mr.,Jardine
233,Ms.,Gill
234,Prof.,Morgan
235,Mrs.,Andrews
236,Hon.,Smith
237,Mr.,Andrews
238,Ms.,Gill
239,Prof.,Smith
240,Mrs.,Jardine
241,Hon.,Morgan
242,Mr.,Jardine
243,Ms.,Kivell
244,Prof.,Jones
245,Mrs.,Parent
246,Hon.,Jones
247,Mr.,Howard
248,Ms.,Jones
249,Prof.,Jones
250,Mrs.,Jones
251,Hon.,Jones
252,Mr.,Jones
253,Ms.,Parent
254,Prof.,Parent
255,Mrs.,Jones
256,Hon.,Howard
257,Mr.,Sorvino
258,Ms.,Sorvino
259,Prof.,Thompson
260,Mrs.,Sorvino
261,Hon.,Thompson
262,Mr.,Sorvino
263,Ms.,Smith
264,Prof.,Kivell
265,Mrs.,Gill
266,Hon.,Jardine
267,Mr.,Andrews
268,Ms.,Gill
269,Prof.,Morgan
270,Mrs.,Andrews
271,Hon.,Jardine
272,Mr.,Kivell
273,Ms.,Gill
274,Prof.,Kivell
275,Mrs.,Jardine
276,Hon.,Gill
277,Mr.,Morgan
278,Ms.,Andrews
279,Prof.,Smith
280,Mrs.,Andrews
281,Hon.,Gill
282,Mr.,Smith
283,Ms.,Jardine
284,Prof.,Morgan
285,Mrs.,Jardine
286,Hon.,Kivell
287,Mr.,Jones
288,Ms.,Parent
289,Prof.,Jones
290,Mrs.,Howard
291,Hon.,Jones
292,Mr.,Jones
293,Ms.,Jones
294,Prof.,Jones
295,Mrs.,Jones
296,Hon.,Parent
297,Mr.,Parent
298,Ms.,Jones
299,Prof.,Howard
300,Mrs.,Sorvino